{
  "statistics": {
    "angry": {
      "mean": 0.006006600243030208,
      "std": 0.0020424463511087973,
      "min": 0.0015715360641479492,
      "max": 0.01275867223739624
    },
    "neutral": {
      "mean": 0.00019851863384246827,
      "std": 0.0016009622204298936,
      "min": -0.0026047825813293457,
      "max": 0.004554271697998047
    },
    "difference_in_means": 0.00580808160918774,
    "t_statistic": 22.31120025585352,
    "p_value": 4.692439634125246e-56,
    "cohens_d": 3.1632183871935395
  },
  "classification": {
    "threshold": 0.0,
    "angry_correct": 101,
    "angry_total": 101,
    "neutral_correct": 55,
    "neutral_total": 100,
    "accuracy": 0.7761194029850746
  }
}